Number,nces_school_id,school_name,nces_district_id,district_name,date,month,day,year,school_year,year2,time,day_of_week,city,state,school_type,killed,injured,casualties,shooting_type,age_shooter1,gender_shooter1,shooter_relationship1,weapon,weapon_source,county,state_fips,county_fips
1,80480000707,Columbine High School,804800,Jefferson County R-1,4/20/1999,4,20,1999,1998-1999,1999,11:19 am,Tuesday,Littleton,Colorado,public,13,21,34,indiscriminate,18,m,student,"12-gauge Savage-Springfield 67H pump-action shotgun, Hi-Point 995 Carbine 9 mm carbine, 9_19mm Intratec TEC-9 semi-automatic handgun, 12-gauge Stevens 311D double-barreled sawed-off shotgun",purchased from friends,Jefferson County,8,8059
2,2.20054E+11,Scotlandville Middle School,2200540,East Baton Rouge Parish School Board,4/22/1999,4,22,1999,1998-1999,1999,12:30 pm,Thursday,Baton Rouge,Louisiana,public,0,1,1,targeted,14,m,former student (expelled),.22 caliber pistol,,East Baton Rouge Parish,22,22033
3,1.30441E+11,Heritage High School,1304410,Rockdale County,5/20/1999,5,20,1999,1998-1999,1999,8:03 am,Thursday,Conyers,Georgia,public,0,6,6,indiscriminate,15,m,student,".22 caliber rifle, 357-caliber Magnum handgun",,Rockdale County,13,13247
4,4.21899E+11,John Bartram High School,4218990,Philadelphia City SD,10/04/1999,10,4,1999,1999-2000,1999,10:00 am,Monday,Philadelphia,Pennsylvania,public,0,1,1,targeted,17,m,student,RG .25-caliber pistol,purchased from friend,Philadelphia County,42,42101
5,2.50279E+11,Dorchester High School,2502790,Boston,11/03/1999,11,3,1999,1999-2000,1999,7:40 am,Wednesday,Boston,Massachusetts,public,0,1,1,targeted,,m,,,,Suffolk County,25,25025
6,3.50069E+11,Deming Middle School,3500690,Deming Public Schools,11/19/1999,11,19,1999,1999-2000,1999,12:45 pm,Friday,Deming,New Mexico,public,1,0,1,accidental or targeted,12,m,student,.22-caliber Colt revolver,home,Luna County,35,35029
7,4.01197E+11,Fort Gibson Middle School,4011970,Fort Gibson,12/06/1999,12,6,1999,1999-2000,1999,7:45 am,Monday,Fort Gibson,Oklahoma,public,0,5,5,indiscriminate,13,m,student,Taurus 9mm pistol,father,Muskogee County,40,40101
8,1.20153E+11,Ridgewood High School,1201530,Pasco,1/19/2000,1,19,2000,1999-2000,2000,3:00 pm,Wednesday,New Port Richey,Florida,public,1,0,1,accidental,16,m,student,.22-caliber Magnum handgun,stolen,Pasco County,12,12101
9,62460009581,Alicia Reyes Elementary School,624600,Merced City Elementary,1/26/2000,1,26,2000,1999-2000,2000,8:34 am,Wednesday,Merced,California,public,0,0,0,targeted,13,m,no connection,.22 caliber revolver,,Merced County,6,6047
10,1.70993E+11,Duke Ellington Elementary School,1709930,City of Chicago School District 299,2/14/2000,2,14,2000,1999-2000,2000,,Monday,Chicago,Illinois,public,0,1,1,accidental,11,m,student,,,Cook County,17,17031
11,2.80132E+11,Horn Lake High School,2801320,Desoto County School District,2/22/2000,2,22,2000,1999-2000,2000,,Tuesday,Horn Lake,Mississippi,public,0,0,0,targeted,,m,,handgun,,DeSoto County,28,28033
12,4.02961E+11,Tecumseh High School,4029610,Tecumseh,2/24/2000,2,24,2000,1999-2000,2000,9:00 am,Thursday,Tecumseh,Oklahoma,public,0,0,0,targeted,19,m,former boyfriend of student,,,Pottawatomie County,40,40125
13,2.6045E+11,Buell Elementary School,2604500,Beecher Community School District,2/29/2000,2,29,2000,1999-2000,2000,10:00 am,Tuesday,Mount Morris Township,Michigan,public,1,0,1,targeted,6,m,student,.32-caliber semiautomatic handgun,"uncle's friend, found in open shoebox",Genesee County,26,26049
14,4.01521E+11,Hugo High School,4015210,Hugo,04/06/2000,4,6,2000,1999-2000,2000,12:00 pm,Thursday,Hugo,Oklahoma,public,0,1,1,targeted,33,f,parent of student,small-caliber pistol,legally purchased by shooter,Choctaw County,40,40023
15,40146000077,Carmichael Elementary School,401460,Sierra Vista Unified District,05/10/2000,5,10,2000,1999-2000,2000,1:30 pm,Wednesday,Sierra Vista,Arizona,public,1,0,1,targeted,39,m,spouse of teacher,,,Cochise County,4,4003
16,1.2015E+11,Lake Worth Middle School,1201500,Palm Beach County School District,5/26/2000,5,26,2000,1999-2000,2000,3:00 pm,Friday,Lake Worth,Florida,public,1,0,1,targeted,13,m,student,.25-caliber handgun,grandfather,Palm Beach County,12,12099
17,5.30723E+11,Dimmitt Middle School,5307230,Renton,7/17/2000,7,17,2000,1999-2000,2000,10:30 am,Monday,Renton,Washington,public,0,0,0,indiscriminate,13,m,student in summer school,.22-caliber handgun,grandparents,King County,53,53033
18,3.90444E+11,Mount Healthy North Junior High,3904441,Mount Healthy City SD,9/18/2000,9,18,2000,2000-2001,2000,,Monday,Mount Healthy,Ohio,public,0,0,0,indiscriminate,14,m,student,.380-caliber semiautomatic handgun,relatives,Hamilton County,39,39061
19,2.20117E+11,Carter G. Woodson Middle School,2201170,Orleans Parish School Board,9/26/2000,9,26,2000,2000-2001,2000,12:00 pm,Tuesday,New Orleans,Louisiana,public,0,1,1,targeted,13,m,student,.38-caliber revolver,,Orleans Parish,22,22071
20,62927004519,Hueneme High School,629270,Oxnard Union High,01/10/2001,1,10,2001,2000-2001,2001,12:50 pm,Wednesday,Oxnard,California,public,0,0,0,targeted,17,m,not a student but often hung around the school,handgun,,Ventura County,6,6111
21,2.40009E+11,Lake Clifton Eastern High School,2400090,Baltimore City Public Schools,1/17/2001,1,17,2001,2000-2001,2001,8:45 am,Wednesday,Baltimore,Maryland,public,1,0,1,targeted,19,m,none,.32-caliber handgun,,Baltimore City,24,24510
22,4.81623E+11,Pearl C. Anderson Middle School,4816230,Dallas ISD,02/06/2001,2,6,2001,2000-2001,2001,,Tuesday,Dallas,Texas,public,0,1,1,targeted,14,m,student (suspended),small revolver,,Dallas County,48,48113
23,61623002026,Santana High School,616230,Grossmont Union High,03/05/2001,3,5,2001,2000-2001,2001,9:20 am,Monday,Santee,California,public,2,13,15,indiscriminate,15,m,student,.22-caliber revolver,father,San Diego County,6,6073
25,61623002020,Granite Hills High School,616230,Grossmont Union High,3/22/2001,3,22,2001,2000-2001,2001,1:00 pm,Thursday,El Cajon,California,public,0,5,5,targeted and indiscriminate,18,m,student,Mossberg pump-action 12-gauge shotgun,,San Diego County,6,6073
26,1.80387E+11,Lew Wallace High School,1803870,Gary Community School Corp,3/30/2001,3,30,2001,2000-2001,2001,8:15 am,Friday,Gary,Indiana,public,1,0,1,targeted,17,m,former student (expelled),pistol,,Lake County,18,18089
27,2.20108E+11,Monroe City Alternative Center,2201080,City of Monroe School Board,4/20/2001,4,20,2001,2000-2001,2001,7:20 am,Friday,Monroe,Louisiana,public,0,0,0,targeted,14,m,student,.380 caliber semi-automatic pistol,,Ouachita Parish,22,22073
28,4.81854E+11,Ennis High School,4818540,Ennis ISD,5/15/2001,5,15,2001,2000-2001,2001,12:00 pm,Tuesday,Ennis,Texas,public,0,0,0,hostage suicide,16,m,student,.357 Magnum pistol,,Ellis County,48,48139
29,62271007751,Belmont High School,622710,Los Angeles Unified,7/30/2001,7,30,2001,2000-2001,2001,7:20 am,Monday,Los Angeles,California,public,0,1,1,targeted,,m,,revolver,,Los Angeles County,6,6037
30,2.10135E+11,Latonia Elementary School,2101350,Covington Independent,09/12/2001,9,12,2001,2001-2002,2001,3:00 pm,Wednesday,Covington,Kentucky,public,1,0,1,targeted,30,f,parent of student,.380-caliber semiautomatic pistol,,Kenton County,21,21117
31,60003206330,Redondo Union High School,600032,Redondo Beach Unified,10/26/2001,10,26,2001,2001-2002,2001,10:00 am,Friday,Redondo Beach,California,public,0,1,1,accidental,16,m,student,.38-caliber handgun,,Los Angeles County,6,6037
32,2.60804E+11,Caro Learning Center,2608040,Caro Community Schools,11/12/2001,11,12,2001,2001-2002,2001,2:40 pm,Monday,Caro,Michigan,public,0,0,0,targeted,17,m,student,20-guage shotgun,legally purchased by shooter,Tuscola County,26,26157
33,3.62058E+11,"Martin Luther King, Jr. High School",3620580,New York City Public Schools,1/15/2002,1,15,2002,2001-2002,2002,2:00 pm,Tuesday,New York City,New York,public,0,2,2,targeted,17,m,student,Lorcin .380-caliber semiautomatic pistol,illegally purchased,New York County,36,36061
34,62271003034,Gardena High School,622710,Los Angeles Unified,02/06/2002,2,6,2002,2001-2002,2002,2:50 pm,Wednesday,Los Angeles,California,public,0,2,2,targeted,17,m,student,pistol,,Los Angeles County,6,6037
35,2.40051E+11,Benjamin Tasker Middle School,2400510,Prince George's County Public Schools,10/07/2002,10,7,2002,2002-2003,2002,8:09 am,Monday,Bowie,Maryland,public,0,1,1,indiscriminate,,m,none,Bushmaster XM-15 rifle,stolen,Prince George's County,24,24033
36,3.40783E+11,Lincoln High School,3407830,Jersey City,10/29/2002,10,29,2002,2002-2003,2002,8:30 am,Tuesday,Jersey City,New Jersey,public,0,1,1,targeted,15,m,student,Browning .380-caliber pistol,,Hudson County,34,34017
38,4.4009E+11,Mount Pleasant High School,4400900,Providence School District,1/22/2003,1,22,2003,2002-2003,2003,,Wednesday,Providence,Rhode Island,public,0,0,0,targeted,,m,student,22-caliber semi-automatic,,Providence County,44,44007
39,80723001239,Ranum High School,807230,Westminster 50,02/05/2003,2,5,2003,2002-2003,2003,8:40 am,Wednesday,Westminster,Colorado,public,0,0,0,targeted,14,m,student,small semi-automatic handgun,,Adams County,8,8001
40,1.10003E+11,Cardozo High School,1100030,District Of Columbia Pub Schls,04/01/2003,4,1,2003,2002-2003,2003,12:15 pm,Tuesday,Washington,District of Columbia,public,0,1,1,targeted,15,m,student,handgun,,District of Columbia,11,11001
41,2.20117E+11,John McDonogh High School,2201170,Orleans Parish School Board,4/14/2003,4,14,2003,2002-2003,2003,10:30 am,Monday,New Orleans,Louisiana,public,1,3,4,targeted,19,m,none,AK-47 and semiautomatic pistol,,Orleans Parish,22,22071
42,60003907541,Delhi Middle School,600039,Delhi Unified,4/15/2003,4,15,2003,2002-2003,2003,8:15 am,Tuesday,Delhi,California,public,0,1,1,targeted,,m,,handgun,,Merced County,6,6047
43,4.2201E+11,Red Lion Area Junior High School,4220100,Red Lion Area SD,4/24/2003,4,24,2003,2002-2003,2003,7:30 am,Thursday,Red Lion,Pennsylvania,public,1,0,1,targeted,14,m,student,".44-caliber handgun, .22-caliber gun to kill himself",stepfather,York County,42,42133
44,2.80447E+11,Vicksburg High School,2804470,Vicksburg Warren School Dist,09/10/2003,9,10,2003,2003-2004,2003,2:30 pm,Wednesday,Vicksburg,Mississippi,public,1,0,1,targeted,20,m,,handgun,,Warren County,28,28149
45,5.30825E+11,Lewis and Clark High School,5308250,Spokane School District,9/22/2003,9,22,2003,2003-2004,2003,11:10 am,Monday,Spokane,Washington,public,0,0,0,indiscriminate,16,m,student,9 millimeter semiautomatic pistol,home,Spokane County,53,53063
46,2.70944E+11,Rocori High School,2709440,Rocori,9/24/2003,9,24,2003,2003-2004,2003,11:38 am,Wednesday,Cold Spring,Minnesota,public,2,0,2,targeted,15,m,student,.22 caliber pistol,father,Stearns County,27,27145
47,3.7009E+11,Burns Middle School,3700900,Cleveland County Schools,9/25/2003,9,25,2003,2003-2004,2003,8:00 am,Thursday,Lawndale,North Carolina,public,0,0,0,indiscriminate,13,m,student,9mm handgun,,Cleveland County,37,37045
48,61233007702,Rio Cazadero High School,612330,Elk Grove Unified,10/01/2003,10,1,2003,2003-2004,2003,9:00 am,Wednesday,Sacramento,California,public,0,2,2,targeted,,m,multiple officers,officer weapons,police,Sacramento County,6,6067
217,3.70297E+11,East Mecklenburg High School,3702970,Charlotte-Mecklenburg Schools,11/13/2003,11,13,2003,2003-2004,2003,11:45 am,Thursday,Charlotte,North Carolina,public,0,1,1,accidental,15,m,student,.25-caliber handgun,,Mecklenburg County,37,37119
49,1.10003E+11,Ballou High School,1100030,District Of Columbia Pub Schls,02/02/2004,2,2,2004,2003-2004,2004,10:30 am,Monday,Washington,District of Columbia,public,1,1,2,targeted,18,m,student,.380-caliber pistol,puchased by shooter and friends,District of Columbia,11,11001
50,3.60963E+11,Columbia High School,3609630,East Greenbush Central School District,02/09/2004,2,9,2004,2003-2004,2004,10:30 am,Monday,East Greenbush,New York,public,0,1,1,indiscriminate,16,m,student,12-gauge Winchester shotgun,,RENSSELAER,36,36083
51,4.21899E+11,T.M. Peirce Elementary School,4218990,Philadelphia City SD,02/11/2004,2,11,2004,2003-2004,2004,8:30 am,Wednesday,Philadelphia,Pennsylvania,public,1,1,2,targeted,19,m,none,"carbine rifle, assault weapon",,Philadelphia County,42,42101
52,62805012992,Castlemont High School,628050,Oakland Unified,06/09/2004,6,9,2004,2003-2004,2004,12:22 pm,Wednesday,Oakland,California,public,0,2,2,targeted,,,,,,Alameda County,6,6001
53,1.73291E+11,Proviso East High School,1732910,Proviso Twp H S Dist 209,8/30/2004,8,30,2004,2004-2005,2004,2:30 pm,Monday,Maywood,Illinois,public,1,0,1,targeted,,m,none,handgun,,Cook County,17,17031
54,1.80387E+11,Wirt High School,1803870,Gary Community School Corp,9/15/2004,9,15,2004,2004-2005,2004,,Wednesday,Gary,Indiana,public,0,0,0,indiscriminate,,m,student,handgun,,Lake County,18,18089
55,2.40009E+11,Thurgood Marshall High School,2400090,Baltimore City,10/21/2004,10,21,2004,2004-2005,2004,4:00 pm,Thursday,Baltimore,Maryland,public,0,2,2,targeted,16,m,student,handgun,,Baltimore City,24,24510
56,2.20117E+11,Booker T. Washington High School,2201170,Orleans Parish,11/12/2004,11,12,2004,2004-2005,2004,12:00 pm,Friday,New Orleans,Louisiana,public,0,1,1,targeted,28,f,security guard,.38-caliber revolver,department issued,Orleans Parish,22,22071
58,1.73123E+11,Woodruff High School,1731230,Peoria School District 150,1/26/2005,1,26,2005,2004-2005,2005,,Wednesday,Peoria,Illinois,public,0,0,0,targeted,15,m,student,handgun,,Peoria County,17,17143
59,1.70993E+11,Bowen High School,1709930,City Of Chicago School Dist 299,02/08/2005,2,8,2005,2004-2005,2005,2:32 pm,Tuesday,Chicago,Illinois,public,0,1,1,targeted,,,,,,Cook County,17,17031
60,4.70318E+11,Maplewood Comprehensive High School,4703180,Nashville-Davidson County SD,03/09/2005,3,9,2005,2004-2005,2005,2:00 pm,Wednesday,Nashville,Tennessee,public,0,1,1,targeted,16,m,former student (expelled),handgun,,Davidson County,47,47037
61,2.73051E+11,Red Lake High School,2730510,Red Lake,3/21/2005,3,21,2005,2004-2005,2005,2:49 pm,Monday,Red Lake,Minnesota,public,7,7,14,indiscriminate,16,m,former student,".40 caliber Glock 23 pistol, 870 12 gauge pump-action shotgun",grandfather,Beltrami County,27,27007
62,4.81275E+11,Canton High School,4812750,Canton ISD,04/07/2005,4,7,2005,2004-2005,2005,9:20 am,Thursday,Canton,Texas,public,0,1,1,targeted,45,m,father of football player,.45-caliber pistol,legally purchased by shooter,Van Zandt County,48,48467
63,4.22583E+11,Highland Elementary School,4225830,West Shore SD,5/17/2005,5,17,2005,2004-2005,2005,3:00 pm,Tuesday,Lower Allen Township,Pennsylvania,public,1,0,1,targeted,47,m,dating mother of student,9 mm semiautomatic handgun,,Cumberland County,42,42041
64,4.7021E+11,Maury Middle School,4702100,Jefferson County School District,8/25/2005,8,25,2005,2005-2006,2005,9:30 am,Thursday,Jacksboro,Tennessee,public,0,1,1,accidental,14,m,student,".38-caliber Smith & Wesson, .22-caliber handgun",guardian (uncle),Jefferson County,47,47089
65,1.20048E+11,Sojourner Truth High School,1200480,Duval County School District,09/02/2005,9,2,2005,2005-2006,2005,12:50 pm,Friday,Jacksonville,Florida,public,0,1,1,targeted,,m,,handgun,,Duval County,12,12031
66,1.70993E+11,Harlan Community Academy High School,1709930,City Of Chicago Sd 299,9/13/2005,9,13,2005,2005-2006,2005,2:20 pm,Tuesday,Chicago,Illinois,public,0,1,1,targeted,15,m,student,.25-caliber handgun,,Cook County,17,17031
67,2.91191E+11,Farmington High School,2911910,Farmington R-VII,10/11/2005,10,11,2005,2005-2006,2005,8:00 am,Tuesday,Farmington,Missouri,public,0,0,0,indiscriminate,17,m,student,single-shot shotgun,father,St. Francois County,29,29187
68,2.63039E+11,Saginaw High School,2630390,Saginaw City School District,10/20/2005,10,20,2005,2005-2006,2005,12:00 pm,Thursday,Saginaw,Michigan,public,0,1,1,targeted,15,m,student,.380-caliber handgun,stolen,Saginaw County,26,26145
69,4.70042E+11,Campbell County High School,4700420,Campbell County School Distrct,11/08/2005,11,8,2005,2005-2006,2005,2:00 pm,Tuesday,Jacksboro,Tennessee,public,1,2,3,targeted and indiscriminate,15,m,student,.22-caliber pistol,,Campbell County,47,47013
70,2.612E+11,Central High School,2612000,Detroit City School District,12/06/2005,12,6,2005,2005-2006,2005,1:30 pm,Tuesday,Detroit,Michigan,public,0,1,1,indiscriminate,18,m,,,,Wayne County,26,26163
71,5.5096E+11,Mary McLeod Bethune Academy,5509600,Milwaukee Sch Dist,01/11/2006,1,11,2006,2005-2006,2006,12:30 pm,Wednesday,Milwaukee,Wisconsin,public,0,1,1,indiscriminate,18,m,,,,Milwaukee County,55,55079
72,1.20171E+11,Milwee Middle School,1201710,Seminole County School District,1/13/2006,1,13,2006,2005-2006,2006,9:30 am,Friday,Longwood,Florida,public,1,0,1,targeted,,m,SWAT officer,high-powered rifle,police issued,Seminole County,12,12117
73,5.10081E+11,Indian River High School,5100810,Chesapeake City Public Schools,1/18/2006,1,18,2006,2005-2006,2006,11:00 am,Wednesday,Chesapeake,Virginia,public,0,0,0,targeted,19,m,,,,Chesapeake City,51,51550
74,64059009648,Will C. Wood High School,640590,Vacaville Unified,1/23/2006,1,23,2006,2005-2006,2006,9:45 am,Monday,Vacaville,California,public,0,1,1,accidental,14,m,student,small revolver,,Solano County,6,6095
75,4.82034E+11,Lakeview Centennial High School,4820340,Garland ISD,1/27/2006,1,27,2006,2005-2006,2006,,Friday,Garland,Texas,public,0,2,2,accidental,16,m,student,small-caliber semiautomatic handgun,,Dallas County,48,48113
76,4.21917E+11,Westinghouse High School,4219170,Pittsburgh SD,2/21/2006,2,21,2006,2005-2006,2006,7:45 am,Tuesday,Pittsburgh,Pennsylvania,public,0,1,1,targeted,23,m,,AK-47,,Allegheny County,42,42003
77,4.11071E+11,Roseburg High School,4110710,Douglas County SD 4,2/23/2006,2,23,2006,2005-2006,2006,7:45 am,Thursday,Roseburg,Oregon,public,0,1,1,targeted,14,m,student,large-caliber handgun with hollow-point bullets,,Douglas County,41,41019
78,3.20048E+11,Pine Middle School,3200480,Washoe,3/14/2006,3,14,2006,2005-2006,2006,9:00 am,Tuesday,Reno,Nevada,public,0,2,2,indiscriminate,14,m,student,.38-caliber pistol,father,Washoe County,32,32031
79,62271003429,Venice High School,622710,Los Angeles Unified,06/05/2006,6,5,2006,2005-2006,2006,3:10 pm,Monday,Los Angeles,California,public,1,0,1,targeted,21,m,,handgun,,Los Angeles County,6,6037
80,3.70348E+11,Orange High School,3703480,Orange County Schools,8/30/2006,8,30,2006,2006-2007,2006,1:00 pm,Wednesday,Hillsborough,North Carolina,public,0,2,2,indiscriminate,19,m,former student,"9 mm rifle, a Mossburg 12-gauge sawed-off shotgun",,Orange County,37,37135
81,4.8197E+11,South Hills High School,4819700,Fort Worth ISD,09/08/2006,9,8,2006,2006-2007,2006,1:20 pm,Friday,Fort Worth,Texas,public,0,1,1,targeted,,m,resource officer,handgun,police issued weapon,Tarrant County,48,48439
82,80237000087,Platte Canyon High School,802370,"Platte Canyon, School District No. 1, Of The County Of Park",9/27/2006,9,27,2006,2006-2007,2006,11:40 am,Wednesday,Bailey,Colorado,public,1,0,1,targeted,53,m,,".40 S&W caliber Glock 22 pistol, Smith & Wesson .357-caliber revolver",,Park County,8,8093
83,5.51647E+11,Weston High School,5516470,Weston,9/29/2006,9,29,2006,2006-2007,2006,8:10 am,Friday,Cazenovia,Wisconsin,public,1,0,1,targeted,15,m,student,"long-barrel shotgun, 22-pistol",father,Sauk County,55,55111
85,2.91635E+11,Memorial Middle School,2916350,Joplin R-VIII,10/09/2006,10,9,2006,2006-2007,2006,7:45 am,Monday,Joplin,Missouri,public,0,0,0,indiscriminate,13,m,student,MAC 90 7.26 mm assault rifle,parent,Jasper County,29,29097
86,5.3087E+11,Henry Foss High School,5308700,Tacoma School District,01/03/2007,1,3,2007,2006-2007,2007,7:30 am,Wednesday,Tacoma,Washington,public,1,0,1,targeted,18,m,student,handgun,,Peirce County,53,53053
87,3.90438E+11,Robert A. Taft Information Technology High School,3904375,Cincinnati City,01/08/2007,1,8,2007,2006-2007,2007,10:45 am,Monday,Cincinnati,Ohio,public,0,0,0,targeted,16,m,student,,,Hamilton County,39,39061
88,4.21899E+11,William L.Sayre High School,4218990,Philadelphia City SD,1/18/2007,1,18,2007,2006-2007,2007,8:25 am,Thursday,Philadelphia,Pennsylvania,public,0,1,1,targeted,,m,,9 mm semi-automatic Ruger,,Philadelphia County,42,42101
89,2.62382E+11,Herbert Henry Dow High School,2623820,Midland Public Schools,03/07/2007,3,7,2007,2006-2007,2007,10:57 am,Wednesday,Midland,Michigan,public,0,1,1,targeted,17,m,girlfriend was student,.44 caliber handgun,,Midland County,26,26111
90,1.70993E+11,Chicago Vocational Career Academy,1709930,City Of Chicago Sd 299,04/09/2007,4,9,2007,2006-2007,2007,2:30 pm,Monday,Chicago,Illinois,public,0,1,1,accidental,15,m,student,9mm handgun,,Cook County,17,17031
91,4.106E+11,Springwater Trail High School,4106000,Gresham-Barlow Sd 10J,04/10/2007,4,10,2007,2006-2007,2007,2:15 pm,Tuesday,Gresham,Oregon,public,0,10,10,indiscriminate,15,m,student,.270 Winchester rifle with scope,stepfather,Multnomah County,41,41051
92,4.82829E+11,Liberty Memorial Middle School,4828290,Los Fresnos CISD,5/15/2007,5,15,2007,2006-2007,2007,10:00 am,Tuesday,Los Fresnos,Texas,public,0,0,0,indiscriminate,14,m,student,.38 semiautomatic handgun,father,Cameron County,48,48061
93,1.20087E+11,George S. Middleton High School,1200870,Hillsborough,06/06/2007,6,6,2007,2006-2007,2007,12:00 pm,Wednesday,Tampa,Florida,public,0,0,0,targeted,17,m,former student,.22-caliber handgun,,Hillsborough County,12,12057
94,3.90438E+11,SuccessTech Academy,3904378,Cleveland Municipal City,10/10/2007,10,10,2007,2007-2008,2007,1:15 pm,Wednesday,Cleveland,Ohio,public,0,4,4,indiscriminate,14,m,student,".22-caliber revolver, .38-caliber revolver",,Cuyahoga County,39,39035
95,1.30102E+11,Groves High School,1301020,Chatham County,10/15/2007,10,15,2007,2007-2008,2007,2:45 pm,Monday,Garden City,Georgia,public,0,0,0,targeted,,m,,,,Chatham County,13,13051
96,3.70012E+11,Crossroads Charter High School,3700122,Crossroads Charter High,1/16/2008,1,16,2008,2007-2008,2008,10:15 am,Wednesday,Charlotte,North Carolina,public,0,1,1,accidental,16,m,student,,,Mecklenburg County,37,37119
97,4.70294E+11,Hamilton High School,4702940,Memphis City School District,02/04/2008,2,4,2008,2007-2008,2008,10:00 am,Monday,Memphis,Tennessee,public,0,1,1,targeted,16,m,student,380-caliber handgun,,Shelby County,47,47157
99,4.70294E+11,Mitchell High School,4702940,Memphis City School District,02/11/2008,2,11,2008,2007-2008,2008,9:00 am,Monday,Memphis,Tennessee,public,0,1,1,targeted,17,m,student,.22-caliber pistol,purchased from someone in apartment complex,Shelby County,47,47157
100,61785002199,E.O. Green Junior High School,617850,Hueneme Elementary,02/12/2008,2,12,2008,2007-2008,2008,8:15 am,Tuesday,Oxnard,California,public,1,0,1,targeted,14,m,student,.22-caliber handgun,relative,Ventura County,6,6111
102,61455001762,Roosevelt High School,614550,Fresno Unified,4/16/2008,4,16,2008,2007-2008,2008,11:54 am,Wednesday,Fresno,California,public,1,0,1,targeted,38,m,resource officer,pistol,department issued,Fresno County,6,6019
103,4.70222E+11,Central High School,4702220,Knox County School District,8/21/2008,8,21,2008,2008-2009,2008,8:10 am,Thursday,Knoxville,Tennessee,public,1,0,1,targeted,15,m,student,"small-caliber, semiautomatic pistol",,Knox County,47,47093
104,1.20018E+11,Dillard High School,1200180,Broward,11/12/2008,11,12,2008,2008-2009,2008,11:00 am,Wednesday,Fort Lauderdale,Florida,public,1,0,1,targeted,15,f,student,.22-caliber semi-automatic handgun,family member,Broward County,12,12011
105,2.612E+11,Central High School,2612000,Detroit City School District,2/17/2009,2,17,2009,2008-2009,2009,2:00 pm,Tuesday,Detroit,Michigan,public,0,2,2,targeted,17,m,non-student,handgun,,Wayne County,26,26163
106,61674002125,John Muir Elementary School,616740,Hayward Unified,2/20/2009,2,20,2009,2008-2009,2009,12:00 pm,Friday,Hayward,California,public,0,0,0,targeted,,h,,shotgun,,Alameda County,6,6001
107,1.20048E+11,Ribault High School,1200480,Duval,03/10/2009,3,10,2009,2008-2009,2009,7:22 am,Tuesday,Jacksonville,Florida,public,0,0,0,targeted,,,,,,Duval County,12,12031
108,2.2009E+11,Larose-Cut Off Middle School,2200900,Lafourche Parish,5/18/2009,5,18,2009,2008-2009,2009,9:00 am,Monday,Larose,Louisiana,public,0,0,0,targeted,15,m,student,25-caliber nickel plate semi-automatic,father,Lafourche Parish,22,22057
109,90003101405,Stamford Academy,900031,Stamford Academy,09/08/2009,9,8,2009,2009-2010,2009,8:05 am,Tuesday,Stamford,Connecticut,public,0,0,0,targeted,16,m,student,.22-caliber pistol,,Fairfield County,9,9001
110,5.10189E+11,Virginia Randolph Community High School,5101890,Henrico Co Pblc Schs,9/16/2009,9,16,2009,2009-2010,2009,12:30 pm,Wednesday,Glen Allen,Virginia,public,0,0,0,targeted,16,m,student,.40-caliber handgun,,Henrico County,51,51087
111,3.60002E+11,Mattituck Junior-Senior High School,3600021,Mattituck-Cutchogue Union Free School District,10/08/2009,10,8,2009,2009-2010,2009,2:00 pm,Thursday,Mattituck,New York,public,0,1,1,accidental,28,m,,22-caliber rifle,mother,Suffolk County,36,36103
112,4.50249E+11,Carolina Forest High School,4502490,Horry 01,10/16/2009,10,16,2009,2009-2010,2009,8:25 am,Friday,Conway,South Carolina,public,1,0,1,targeted,,m,school resource officer,.40 caliber Glock,department issued,Horry County,45,45051
113,2.2003E+11,Booker T. Washington High School,2200300,Caddo Parish,12/11/2009,12,11,2009,2009-2010,2009,8:10 am,Friday,Shreveport,Louisiana,public,0,1,1,targeted,28,m,ex-boyfriend of student,handgun,,Caddo Parish,22,22017
114,10000800495,Discovery Middle School,100008,Madison City,02/05/2010,2,5,2010,2009-2010,2010,1:45 pm,Friday,Madison,Alabama,public,1,0,1,targeted,14,m,student,.22-caliber pistol,friend's home,Madison County,1,1089
115,80480001315,Deer Creek Middle School,804800,Jefferson County School District No. R-1,2/23/2010,2,23,2010,2009-2010,2010,3:14 pm,Tuesday,Littleton,Colorado,public,0,2,2,indiscriminate,32,m,,hunting rifle,,Jefferson County,8,8059
116,5.103E+11,Woodrow Wilson High School,5103000,Portsmouth City Pblc Schs,4/28/2010,4,28,2010,2009-2010,2010,12:15 pm,Wednesday,Portsmouth,Virginia,public,0,0,0,indiscriminate,15,m,student,handgun,,Portsmouth City,51,51740
117,62271003364,South Gate High School,622710,Los Angeles Unified,5/18/2010,5,18,2010,2009-2010,2010,7:51 am,Tuesday,South Gate,California,public,0,1,1,targeted,15,m,student,,,Los Angeles County,6,6037
118,4.70399E+11,Sullivan Central High School,4703990,Sullivan County,8/30/2010,8,30,2010,2010-2011,2010,9:10 am,Monday,Blountville,Tennessee,public,1,0,1,targeted,,,police officer,handgun,department issued,Sullivan County,47,47163
119,4.50249E+11,Socastee High School,4502490,Horry 01,9/21/2010,9,21,2010,2010-2011,2010,2:00 pm,Tuesday,Conway,South Carolina,public,0,1,1,targeted,14,m,student,revolver,parent,Horry County,45,45051
120,63398005332,Alisal High School,633980,Salinas Union High,10/01/2010,10,1,2010,2010-2011,2010,7:53 am,Friday,Salinas,California,public,1,0,1,targeted,,m,,,,Monterey County,6,6053
121,60750000711,Kelly Elementary School,607500,Carlsbad Unified,10/08/2010,10,8,2010,2010-2011,2010,12:00 pm,Friday,Carlsbad,California,public,0,2,2,indiscriminate,41,m,none,.357-caliber magnum revolver,,San Diego County,6,6073
122,5.5087E+11,Marinette High School,5508700,Marinette School District,11/29/2010,11,29,2010,2010-2011,2010,1:30 pm,Monday,Marinette,Wisconsin,public,0,0,0,hostage suicide,15,m,student,handgun,,Marinette County,55,55075
123,3.17374E+11,Millard South High School,3173740,Millard Public Schools,01/05/2011,1,5,2011,2010-2011,2011,12:45 pm,Wednesday,Omaha,Nebraska,public,1,2,3,targeted and indiscriminate,17,m,student,Glock .40-caliber S&W pistol,father,Douglas County,31,31055
124,62271003034,Gardena High School,622710,Los Angeles Unified,1/18/2011,1,18,2011,2010-2011,2011,10:40 am,Tuesday,Los Angeles,California,public,0,2,2,accidental,17,m,student,9-mm Beretta handgun,,Los Angeles County,6,6037
125,63078004786,Louisiana Schnell Elementary School,630780,Placerville Union Elementary,02/02/2011,2,2,2011,2010-2011,2011,10:37 am,Wednesday,Placerville,California,public,1,0,1,targeted,44,m,janitor,.357-caliber revolver,legally purchased by shooter,El Dorado County,6,6017
126,1.80651E+11,Martinsville West Middle,1806510,M S D Martinsville Schools,3/25/2011,3,25,2011,2010-2011,2011,7:00 am,Friday,Martinsville,Indiana,public,0,1,1,targeted,15,m,former student (expelled),9mm handgun,friend's home,Morgan County,18,18109
127,1.20144E+11,Sheeler Charter High School,1201440,Orange,4/13/2011,4,13,2011,2010-2011,2011,12:00 pm,Wednesday,Apopka,Florida,public,0,1,1,accidental,17,m,,,,Orange County,12,12065
128,4.82364E+11,Ross Elementary School,4823640,Houston ISD,4/19/2011,4,19,2011,2010-2011,2011,10:20 am,Tuesday,Houston,Texas,public,0,2,2,accidental,6,m,student,.380-caliber semi-automatic,"mother's friend, home shooter was staying",Harris County,48,48201
129,3.70001E+11,Cape Fear High School,3700011,Cumberland County Schools,10/24/2011,10,24,2011,2011-2012,2011,1:00 pm,Monday,Fayetteville,North Carolina,public,0,1,1,targeted,15,m,student,.22-caliber Daisy rifle,,Cumberland County,37,37051
130,4.81168E+11,Cummings Middle School,4811680,Brownsville ISD,01/04/2012,1,4,2012,2011-2012,2012,8:00 am,Wednesday,Brownsville,Texas,public,1,0,1,targeted,,m,police officer,,department issued,Cameron County,48,48061
131,4.83306E+11,North Forest High School,4833060,North Forest ISD,01/10/2012,1,10,2012,2011-2012,2012,12:30 pm,Tuesday,Houston,Texas,public,0,1,1,targeted,18,m,student,handgun,,Harris County,48,48201
132,3.30299E+11,Walpole Elementary School,3302990,Fall Mountain Regional School District,02/10/2012,2,10,2012,2011-2012,2012,11:00 am,Friday,Walpole,New Hampshire,public,0,0,0,public suicide (attempted),14,m,student,20-gauge shotgun,,Cheshire County,33,33005
133,5.30066E+11,Armin Jahr Elementary School,5300660,Bremerton School District,2/22/2012,2,22,2012,2011-2012,2012,1:30 pm,Wednesday,Bremerton,Washington,public,0,1,1,accidental,9,m,student,.45 caliber handgun,mother,Kitsap County,53,53035
134,3.90472E+11,Chardon High School,3904718,Chardon Local,2/27/2012,2,27,2012,2011-2012,2012,7:30 am,Monday,Chardon,Ohio,public,3,3,6,indiscriminate,17,m,"student at neighboring school, rode bus with some victims",Ruger MK III .22 caliber semi-automatic handgun,uncle,Geauga County,39,39055
136,10237000962,LeFlore High School,102370,Mobile County,3/15/2012,3,15,2012,2011-2012,2012,10:50 am,Thursday,Mobile,Alabama,public,0,0,0,targeted,16,m,suspended student from different campus,handgun,,Mobile County,1,1097
137,3.70072E+11,Mary Scroggs Elementary School,3700720,Chapel Hill-Carrboro Schools,5/25/2012,5,25,2012,2011-2012,2012,2:00 pm,Friday,Chapel Hill,North Carolina,public,1,0,1,targeted,49,m,parent of students,Charter Arms .44 Bulldog revolver,,Orange County,37,37135
138,2.40012E+11,Perry Hall High School,2400120,Baltimore County Public Schools,8/27/2012,8,27,2012,2012-2013,2012,10:45 am,Monday,Baltimore,Maryland,public,0,1,1,indiscriminate,15,m,student,shotgun,,Baltimore County,24,24005
139,1.72862E+11,Normal Community High School,1728620,Mclean County USD 5,09/07/2012,9,7,2012,2012-2013,2012,8:00 am,Friday,Normal,Illinois,public,0,0,0,indiscriminate,14,m,student,.22-caliber Ruger pistol,,Mclean County,17,17113
140,90291000617,Sandy Hook Elementary School,902910,Newtown School District,12/14/2012,12,14,2012,2012-2013,2012,9:35 am,Friday,Newtown,Connecticut,public,26,2,28,indiscriminate,20,m,former student,Bushmaster XM15-E2S rifle,mother,Fairfield County,9,9001
142,63873006511,Taft Union High School,638730,Taft Union High,01/10/2013,1,10,2013,2012-2013,2013,9:00 am,Thursday,Taft,California,public,0,2,2,targeted,16,m,student,12-gauge shotgun,older brother,Kern County,6,6029
143,1.30012E+11,Price Middle School,1300120,Atlanta Public Schools,1/31/2013,1,31,2013,2012-2013,2013,1:50 pm,Thursday,Atlanta,Georgia,public,0,1,1,targeted,15,m,student,small-caliber handgun,,Fulton County,13,13121
145,1.20039E+11,Redland Middle School,1200390,Dade,5/23/2013,5,23,2013,2012-2013,2013,,Thursday,Homestead,Florida,public,0,1,1,accidental,11,m,student,.38 caliber handgun,,Miami-Dade County,12,12086
146,1.30174E+11,Ronald E. McNair Discovery Learning Academy,1301740,Dekalb County,8/20/2013,8,20,2013,2013-2014,2013,12:51 pm,Tuesday,Decatur,Georgia,public,0,0,0,targeted and indiscriminate,20,m,none apparent,".762-caliber AK-47-style weapon, manufactured by Romarm/Cugar",acquaintence of shooter,Dekalb County,13,13089
147,3.7015E+11,Carver High School,3701500,Winston Salem/Forsyth County Schools,8/30/2013,8,30,2013,2013-2014,2013,2:25 pm,Friday,Winston-Salem,North Carolina,public,0,1,1,targeted,18,m,student,.38 caliber handgun,,Forsyth County,37,37067
149,4.80894E+11,Lanier High School,4808940,Austin ISD,10/15/2013,10,15,2013,2013-2014,2013,12:04 pm,Tuesday,Austin,Texas,public,0,0,0,public suicide,16,m,student,handgun,,Travis County,48,48453
150,3.20048E+11,Sparks Middle School,3200480,Washoe County School District,10/21/2013,10,21,2013,2013-2014,2013,7:15 am,Monday,Sparks,Nevada,public,1,2,3,indiscriminate,12,m,student,Ruger SR9C semi-automatic handgun (9mm),father,Washoe County,32,32031
151,60846000845,Newman Elementary School,608460,Chino Valley Unified,10/23/2013,10,23,2013,2013-2014,2013,11:14 am,Wednesday,Chino,California,public,0,3,3,accidental,8,m,student,AR-15,police weapon,San Bernardino County,6,6071
152,1.20144E+11,West Orange High School,1201440,Orange,12/04/2013,12,4,2013,2013-2014,2013,1:15 pm,Wednesday,Winter Garden,Florida,public,0,1,1,targeted,17,m,student,,,Orange County,12,12095
153,80531000873,Arapahoe High School,805310,"Littleton, School District No. 6, In The County Of Arapahoe",12/13/2013,12,13,2013,2013-2014,2013,12:30 pm,Friday,Centennial,Colorado,public,1,0,1,targeted,18,m,student,Savage Arms Stevens Model 320 pump-action shotgun,legally purchased by shooter at Cabela's,Arapahoe County,8,8005
154,4.70258E+11,Liberty Technology Magnet High School,4702580,Madison County,01/09/2014,1,9,2014,2013-2014,2014,2:21 pm,Thursday,Jackson,Tennessee,public,0,1,1,targeted,16,m,student,handgun,,Madison County,47,47113
155,3.50225E+11,Berrendo Middle School,3502250,Roswell Independent Schools,1/14/2014,1,14,2014,2013-2014,2014,7:30 am,Tuesday,Roswell,New Mexico,public,0,3,3,targeted,12,m,student,shotgun,,Chaves County,35,35005
156,4.21314E+11,King Elementary School,4213140,Lancaster SD,1/15/2014,1,15,2014,2013-2014,2014,2:48 pm,Wednesday,Lancaster,Pennsylvania,public,0,0,0,unclear,,,,handgun,,Lancaster County,42,42071
157,4.20008E+11,Delaware Valley Charter School,4200078,Delaware Valley CHS,1/17/2014,1,17,2014,2013-2014,2014,3:20 pm,Friday,Philadelphia,Pennsylvania,public,0,2,2,accidental or targeted,17,m,student,handgun,purchased from friend,Philadelphia County,42,42101
159,1.50003E+11,President Theodore Roosevelt High,1500030,Hawaii Department Of Education,1/28/2014,1,28,2014,2013-2014,2014,8:30 am,Tuesday,Honolulu,Hawaii,public,0,1,1,targeted,,,police officer,,department issued,Honolulu County,15,15003
160,4.10198E+11,Bend High School,4101980,Bend-Lapine Administrative SD 1,02/07/2014,2,7,2014,2013-2014,2014,12:00 pm,Friday,Bend,Oregon,public,0,0,0,public suicide,17,m,student,hunting rifle,legally owned by shooter,Deschutes County,41,41017
161,3.70405E+11,Salisbury High School,3704050,Rowan-Salisbury Schools,02/10/2014,2,10,2014,2013-2014,2014,2:41 pm,Monday,Salisbury,North Carolina,public,0,1,1,targeted,17,m,,9mm gun (type unknown),,Rowan County,37,37159
162,2.9164E+11,Success Academy,2916400,Kansas City 33,2/20/2014,2,20,2014,2013-2014,2014,10:30 am,Thursday,Raytown,Missouri,public,1,0,1,targeted,42,m,father of student,.45-caliber handgun ,legally purchased at pawn shop that morning,Jackson County,29,29095
163,1.30228E+11,Benjamin Banneker High School,1302280,Fulton County,3/25/2014,3,25,2014,2013-2014,2014,1:00 pm,Tuesday,College Park,Georgia,public,0,0,0,targeted,,,,,,Fulton County,13,13121
164,3.70001E+11,D. H. Conley High School,3700012,Pitt County Schools,04/09/2014,4,9,2014,2013-2014,2014,1:30 pm,Wednesday,Greenville,North Carolina,public,0,0,0,indiscriminate,17,m,student at rival school,.45-caliber handgun,,Pitt County,37,37147
165,4.11052E+11,Reynolds High School,4110520,Reynolds SD 7,06/10/2014,6,10,2014,2013-2014,2014,8:07 am,Tuesday,Troutdale,Oregon,public,1,1,2,indiscriminate,15,m,student,M4 AR-15 rifle,brother,Multnomah County,41,41051
166,1.20039E+11,Stellar Leadership Academy,1200390,Dade,09/09/2014,9,9,2014,2014-2015,2014,,Tuesday,Miami,Florida,public,0,1,1,targeted,,,,,,Miami-Dade County,12,12086
167,2.10299E+11,Fern Creek High School,2102990,Jefferson County,9/30/2014,9,30,2014,2014-2015,2014,1:00 pm,Tuesday,Louisville,Kentucky,public,0,1,1,targeted,16,m,student,handgun,,Jefferson County,21,21111
168,3.70432E+11,Albemarle High School,3704320,Stanly County Schools,9/30/2014,9,30,2014,2014-2015,2014,7:40 am,Tuesday,Albemarle,North Carolina,public,0,1,1,targeted,15,m,student,handgun,,Stanly County,37,37167
169,5.30486E+11,Marysville Pilchuck High School,5304860,Marysville School District,10/24/2014,10,24,2014,2014-2015,2014,10:39 am,Friday,Marysville,Washington,public,4,1,5,targeted,15,m,student,.40-caliber Beretta Px4 Storm handgun,father,Snohomish County,53,53061
171,5.30585E+11,North Thurston High School,5305850,North Thurston Public Schools,4/27/2015,4,27,2015,2014-2015,2015,7:25 am,Monday,Lacey,Washington,public,0,0,0,indiscriminate,16,m,student,.357 Magnum,father,Thurston County,53,53067
172,1.30438E+11,W.S. Hornsby Elementary School,1304380,Richmond County,8/25/2015,8,25,2015,2015-2016,2015,10:45 am,Tuesday,Augusta,Georgia,public,0,1,1,accidental,,m,student,.380 semi-automatic handgun,grandmother's boyfriend,Richmond County,13,13245
173,4.63135E+11,Harrisburg High School,4631350,Harrisburg School District 41-2,9/30/2015,9,30,2015,2015-2016,2015,10:00 am,Wednesday,Harrisburg,South Dakota,public,0,1,1,targeted,16,m,student,handgun,,Lincoln County,46,46083
174,4.82499E+11,Karen Wagner High School,4824990,Judson ISD,10/15/2015,10,15,2015,2015-2016,2015,9:15 am,Thursday,San Antonio,Texas,public,0,0,0,targeted,22,f,friend of student,,,Bexar County,48,48029
175,1.30138E+11,Vereen School,1301380,Colquitt County,11/05/2015,11,5,2015,2015-2016,2015,,Thursday,Moultrie,Georgia,public,0,0,0,targeted,,m,student,semiautomatic pistol,department issued,Colquitt County,13,13071
176,1.20027E+11,Lecanto High School,1200270,Citrus,11/10/2015,11,10,2015,2015-2016,2015,10:30 am,Tuesday,Lecanto,Florida,public,0,0,0,public suicide,15,m,student,Walther P1 9mm semiautomatic handgun,,Citrus County,12,12017
177,50729000443,Harmony Grove High School,507290,Harmony Grove School District,1/13/2016,1,13,2016,2015-2016,2016,3:00 pm,Wednesday,Camden,Arkansas,public,0,1,1,accidental,17,m,student,pistol,,Ouachita County,5,5103
178,4.21899E+11,Benjamin Franklin High School,4218990,Philadelphia City SD,1/29/2016,1,29,2016,2015-2016,2016,12:00 pm,Friday,Philadelphia,Pennsylvania,public,0,0,0,targeted,16,m,,.45-caliber handgun,,Philadelphia County,42,42101
179,40345000284,Independence High School,403450,Glendale Union High School District,02/12/2016,2,12,2016,2015-2016,2016,7:53 am,Friday,Glendale,Arizona,public,1,0,1,targeted,15,f,student,9mm Beretta pistol,"classmate, who took from parents",Maricopa County,4,4013
180,3.90461E+11,Madison High School,3904612,Madison Local,2/29/2016,2,29,2016,2015-2016,2016,11:15 am,Monday,Middletown,Ohio,public,0,4,4,indiscriminate,14,m,student,Sig Sauer P238,family home,Butler County,39,39017
181,10039000141,Huffman High School,100390,Birmingham City,3/15/2016,3,15,2016,2015-2016,2016,2:30 pm,Tuesday,Birmingham,Alabama,public,0,1,1,targeted,19,m,brother of student,,,Jefferson County,1,1073
182,4.80795E+11,Alpine High School,4807950,Alpine ISD,09/08/2016,9,8,2016,2016-2017,2016,9:00 am,Thursday,Alpine,Texas,public,0,1,1,targeted,14,f,student,9-mm. semi-automatic handgun,,Brewster County,48,48043
183,4.50087E+11,Townville Elementary School,4500870,Anderson 04,9/28/2016,9,28,2016,2016-2017,2016,1:45 pm,Wednesday,Townville,South Carolina,public,1,2,3,indiscriminate,14,m,former student,.40 caliber pistol,father,Anderson County,45,45007
184,10237000964,CF Vigor High School,102370,Mobile County,10/11/2016,10,11,2016,2016-2017,2016,3:45 pm,Tuesday,Prichard,Alabama,public,0,1,1,targeted,16,m,,,,Mobile County,1,1097
185,3.90438E+11,Linden-McKinley STEM Academy,3904380,Columbus City School District,10/13/2016,10,13,2016,2016-2017,2016,2:40 pm,Thursday,Columbus,Ohio,public,0,2,2,targeted,,m,,,,Franklin County,39,39049
186,63441011252,June Jordan High School for Equity,634410,San Francisco Unified,10/18/2016,10,18,2016,2016-2017,2016,3:20 pm,Tuesday,San Francisco,California,public,0,4,4,targeted,,m,,pistols,,San Francisco County,6,6075
187,4.90014E+11,Union Middle School,4900142,Canyons District,10/25/2016,10,25,2016,2016-2017,2016,3:00 pm,Tuesday,Sandy,Utah,public,0,1,1,targeted,14,m,student,,mother,Salt Lake County,49,49035
188,2.60426E+11,Bay City Western High School,2604260,Bay City School District,11/11/2016,11,11,2016,2016-2017,2016,12:30 pm,Friday,Auburn,Michigan,public,0,1,1,accidental,50,m,resource officer,.380-caliber Sig Sauer pistol,legally purchased by shooter,Bay County,26,26017
189,4.90021E+11,Mueller Park Jr. High,4900210,Davis District,12/01/2016,12,1,2016,2016-2017,2016,8:13 am,Thursday,Bountiful,Utah,public,0,0,0,indiscriminate,15,m,student,12-gauge shotgun,parent,Davis County,49,49011
190,3.90462E+11,West Liberty-Salem Middle/High School,3904621,West Liberty-Salem Local,1/20/2017,1,20,2017,2016-2017,2017,7:36 am,Friday,West Liberty,Ohio,public,0,2,2,indiscriminate,17,m,student,Mossberg Model 500 12 gauge shotgun,gift from grandparents,Champaign County,39,39021
191,2.20054E+11,Scotlandville Magnet High School,2200540,East Baton Rouge Parish,02/06/2017,2,6,2017,2016-2017,2017,12:00 pm,Monday,Baton Rouge,Louisiana,public,0,0,0,targeted,14,m,student,handgun,,East Baton Rouge Parish,22,22033
238,10243001035,Robert E. Lee High School,102430,Montgomery County,3/16/2017,3,16,2017,2016-2017,2017,3:00 pm,Thursday,Montgomery,Alabama,public,0,1,1,targeted,16,m,student,.40-caliber handgun,,Montgomery County,1,1101
192,63417005375,North Park Elementary School,634170,San Bernardino City Unified,04/10/2017,4,10,2017,2016-2017,2017,10:30 am,Monday,San Bernardino,California,public,2,1,3,targeted,53,m,husband of teacher,Smith & Wesson .357 Magnum revolver,,San Bernardino County,6,6071
193,2.20033E+11,Moss Bluff Elementary School,2200330,Calcasieu Parish,5/15/2017,5,15,2017,2016-2017,2017,7:50 am,Monday,Lake Charles,Louisiana,public,0,1,1,accidental,7,m,student,.380 caliber semi-automatic handgun,"father's gun, kept by 17 year old who shared room with shooter",Calcasieu Parish,22,22019
194,10171002162,Greensboro High School,101710,Hale County,5/24/2017,5,24,2017,2016-2017,2017,11:30 am,Wednesday,Greensboro,Alabama,public,0,0,0,targeted,,m,student,.22 caliber revolver,,Hale County,1,1065
195,1.70993E+11,Warren Elementary School,1709930,City of Chicago SD 299,6/16/2017,6,16,2017,2016-2017,2017,1:51 pm,Friday,Chicago,Illinois,public,0,2,2,targeted,,m,,,,Cook County,17,17031
196,3.90438E+11,Columbus Scioto 6-12,3904380,Columbus City School District,09/08/2017,9,8,2017,2017-2018,2017,8:33 am,Friday,Columbus,Ohio,public,0,0,0,indiscriminate,18,m,,.38-caliber handgun,,Franklin County,39,39049
197,5.30297E+11,Freeman High School,5302970,Freeman School District,9/13/2017,9,13,2017,2017-2018,2017,10:00 am,Wednesday,Rockford,Washington,public,1,3,4,indiscriminate,15,m,student,"AR-15, pistol",father,Spokane County,53,53063
198,1.72505E+11,Mattoon High School,1725050,Mattoon CUSD 2,9/20/2017,9,20,2017,2017-2018,2017,11:30 am,Wednesday,Mattoon,Illinois,public,0,1,1,targeted,14,m,student,.40-caliber Ruger semiautomatic pistol,stepfather,Coles County,17,17029
199,2.62115E+11,Pattengill Academy,2621150,Lansing Public School District,11/03/2017,11,3,2017,2017-2018,2017,4:30 pm,Friday,Lansing,Michigan,public,0,1,1,accidental,21,m,,handgun,puchased legally by shooter from Dicker & Deal,Ingham County,26,26065
200,1.30228E+11,Benjamin Banneker High School,1302280,Fulton County,11/09/2017,11,9,2017,2017-2018,2017,3:25 pm,Thursday,College Park,Georgia,public,0,2,2,accidental,,,,small-caliber handgun,,Fulton County,13,13121
201,60978004178,Rancho Tehama Elementary School,609780,Corning Union Elementary,11/14/2017,11,14,2017,2017-2018,2017,7:50 am,Tuesday,Corning,California,public,0,2,2,targeted and indiscriminate,44,m,had beef with family of student at school,handmade AR-15-type rifle,contructed from parts legally purchased by shooter,Tehama County,6,6103
202,3.50015E+11,Aztec High School,3500150,Aztec Municipal Schools,12/07/2017,12,7,2017,2017-2018,2017,8:04 am,Thursday,Aztec,New Mexico,public,2,0,2,indiscriminate,21,m,former student,9mm Glock,legally purchased by shooter,San Juan County,35,35045
203,3.70192E+11,High Point Central High School,3701920,Guilford County Schools,12/11/2017,12,11,2017,2017-2018,2017,2:08 pm,Monday,High Point,North Carolina,public,0,0,0,targeted,15,m,,handgun,,Guilford County,37,37081
205,2.20019E+11,The NET Charter High School,2200188,Rsd-educators For Quality Alternatives,1/22/2018,1,22,2018,2017-2018,2018,1:30 pm,Monday,New Orleans,Louisiana,public,0,0,0,targeted,,,,,,Orleans Parish,22,22071
204,4.82445E+11,Italy High School,4824450,Italy ISD,1/22/2018,1,22,2018,2017-2018,2018,7:53 am,Monday,Italy,Texas,public,0,1,1,targeted,16,m,student,semi-automatic .380 caliber handgun,,Ellis County,48,48139
206,2.10381E+11,Marshall County High School,2103810,Marshall County,1/23/2018,1,23,2018,2017-2018,2018,7:57 am,Tuesday,Benton,Kentucky,public,2,14,16,indiscriminate,15,m,student,handgun,stepfather's bedroom,Marshall County,21,21157
207,10237000942,Murphy High School,102370,Mobile County,1/25/2018,1,25,2018,2017-2018,2018,11:20 am,Thursday,Mobile,Alabama,public,0,0,0,targeted,16,m,student,revolver,stolen,Mobile County,1,1097
208,62271012483,Salvador B. Castro Middle School,622710,Los Angeles Unified,02/01/2018,2,1,2018,2017-2018,2018,9:00 am,Thursday,Los Angeles,California,public,0,5,5,accidental,12,f,student,semi-automatic handgun,,Los Angeles County,6,6037
209,1.20018E+11,Marjory Stoneman Douglas High School,1200180,Broward,2/14/2018,2,14,2018,2017-2018,2018,2:21 pm,Wednesday,Parkland,Florida,public,17,17,34,indiscriminate,19,m,former student (expelled),Smith & Wesson M&P15,legally purchased by shooter,Broward County,12,12011
210,1.30162E+11,Dalton High School,1301620,Dalton City,2/28/2018,2,28,2018,2017-2018,2018,11:30 am,Wednesday,Dalton,Georgia,public,0,0,0,indiscriminate,53,m,teacher,.38-caliber snub-nosed revolver,,Whitfield County,13,13313
211,10039000141,Huffman High School,100390,Birmingham City,03/07/2018,3,7,2018,2017-2018,2018,3:45 pm,Wednesday,Birmingham,Alabama,public,1,0,1,accidental,17,m,student,pistol,,Jefferson County,1,1073
212,62553003843,Seaside High School,625530,Monterey Peninsula Unified,3/13/2018,3,13,2018,2017-2018,2018,1:20 pm,Tuesday,Seaside,California,public,0,3,3,accidental,,m,teacher,Glock 21 .45-caliber handgun,department issued,Monterey County,6,6053
213,3.01854E+11,Big Sky High School,3018540,Missoula H S,3/16/2018,3,16,2018,2017-2018,2018,12:45 pm,Friday,Missoula,Montana,public,0,0,0,targeted,,m,resource officer,pistol,department issued,Missoula County,30,30063
214,5.103E+11,Douglass Park Elementary School,5103000,Portsmouth City Pblc Schs,3/19/2018,3,19,2018,2017-2018,2018,4:23 pm,Monday,Portsmouth,Virginia,public,0,1,1,unclear,,,,,,Portsmouth City,51,51740
215,2.4006E+11,Great Mills High School,2400600,St. Mary's County Public Schools,3/20/2018,3,20,2018,2017-2018,2018,7:55 am,Tuesday,Great Mills,Maryland,public,1,1,2,targeted,17,m,student,Glock semi-automatic handgun,father,St. Mary's County,24,24037
277,2.80456E+11,Eupora High School,2804560,Webster Co School Dist,3/28/2018,3,28,2018,2017-2018,2018,2:40 pm,Wednesday,Europa,Mississippi,public,0,0,0,indiscriminate,20,m,,9mm handgun,,Webster County,28,28155
278,2.61962E+11,Jackson High School,2619620,Jackson Public Schools,4/19/2018,4,19,2018,2017-2018,2018,1:44 pm,Thursday,Jackson,Michigan,public,0,0,0,unclear,,,,handgun,,Jackson County,26,26075
216,1.20126E+11,Forest High School,1201260,Marion,4/20/2018,4,20,2018,2017-2018,2018,8:39 am,Friday,Ocala,Florida,public,0,1,1,indiscriminate,19,m,former student,shotgun,,Marion County,12,12083
279,1.30012E+11,Benjamin Elijah Mays High School,1300120,Atlanta Public Schools,4/23/2018,4,23,2018,2017-2018,2018,1:00 pm,Monday,Atlanta,Georgia,public,0,0,0,targeted,19,m,,,,Fulton County,13,13121
305,3.50006E+11,Highland High School,3500060,Albuquerque Public Schools,4/25/2018,4,25,2018,2017-2018,2018,2:30 pm,Wednesday,Albuquerque,New Mexico,public,0,1,1,targeted,,m,father of student,handgun,owner's gun,Bernalillo County,35,35001
218,60282009515,Highland High School,602820,Antelope Valley Union High,05/11/2018,5,11,2018,2017-2018,2018,7:05 am,Friday,Palmdale,California,public,0,1,1,targeted,14,m,student,rifle,,Los Angeles County,6,6037
219,1.71233E+11,Dixon High School,1712330,Dixon USD 170,5/16/2018,5,16,2018,2017-2018,2018,8:00 am,Wednesday,Dixon,Illinois,public,0,0,0,targeted,19,m,student,rifle,mother,Lee County,17,17103
220,4.83927E+11,Santa Fe High School,4839270,Santa Fe ISD,5/18/2018,5,18,2018,2017-2018,2018,7:30 am,Friday,Santa Fe,Texas,public,10,13,23,indiscriminate,17,m,student,Remington 870 shotgun and a .38-caliber revolver,,Galveston County,48,48167
221,1.80765E+11,Noblesville West Middle School,1807650,Noblesville Schools,5/25/2018,5,25,2018,2017-2018,2018,9:06 am,Friday,Noblesville,Indiana,public,0,2,2,targeted,13,m,student,".22 caliber gun, .45 caliber gun",,Hamilton County,18,18057
222,3.70297E+11,Villa Heights Elementary School,3702970,Charlotte-Mecklenburg Schools,8/30/2018,8,30,2018,2018-2019,2018,7:30 am,Thursday,Charlotte,North Carolina,public,0,0,0,targeted,34,m,former boyfriend of student's mother,.45 caliber pistol,stolen,Mecklenburg County,37,37119
223,3.20006E+11,Canyon Springs High School,3200060,Clark County School District,09/11/2018,9,11,2018,2018-2019,2018,2:35 pm,Tuesday,North Las Vegas,Nevada,public,1,0,1,targeted,16,m,student,,,Clark County,32,32003
280,3.70297E+11,Lawrence Orr Elementary School,3702970,Charlotte-Mecklenburg Schools,9/24/2018,9,24,2018,2018-2019,2018,9:00 am,Monday,Charlotte,North Carolina,public,0,0,0,targeted,24,m,,,,Mecklenburg County,37,37119
224,20018000072,Denali Montessori Elementary School,200180,Anchorage School District,10/03/2018,10,3,2018,2018-2019,2018,10:00 am,Wednesday,Anchorage,Alaska,public,0,1,1,targeted,26,m,boyfriend of parent,Sig Sauer .40 caliber handgun,,Anchorage Municipality,2,2020
226,90045001161,Paul Laurence Dunbar School,900450,Bridgeport School District,10/22/2018,10,22,2018,2018-2019,2018,8:15 am,Monday,Bridgeport,Connecticut,public,0,0,0,targeted,18,m,,handgun,,Fairfield County,9,9001
227,3.70297E+11,Butler High School,3702970,Charlotte-Mecklenburg Schools,10/29/2018,10,29,2018,2018-2019,2018,7:00 am,Monday,Matthews,North Carolina,public,1,0,1,targeted,16,m,student,.380 pistol,stolen,Mecklenburg County,37,37119
228,5.103E+11,Simonsdale Elementary School,5103000,Portsmouth City Pblc Schs,11/20/2018,11,20,2018,2018-2019,2018,3:45 pm,Tuesday,Portsmouth,Virginia,public,0,1,1,accidental,29,m,parent of student,handgun,,Portsmouth City,51,51740
229,1.80951E+11,Dennis Intermediate School,1809510,Richmond Community Schools,12/13/2018,12,13,2018,2018-2019,2018,8:00 am,Thursday,Richmond,Indiana,public,0,0,0,indiscriminate,14,m,student,handgun and a rifle,,Wayne County,18,18177
230,4.10204E+11,Cascade Middle School,4102040,Bethel Sd 52,01/11/2019,1,11,2019,2018-2019,2019,10:30 am,Friday,Eugene,Oregon,public,0,0,0,targeted,30,m,father of student,handgun,,Lane County,41,41039
281,2.72124E+11,North High School,2721240,Minneapolis Public School District,1/16/2019,1,16,2019,2018-2019,2019,12:30 pm,Wednesday,Minneapolis,Minnesota,public,0,0,0,unclear,,,,,,Hennepin County,27,27053
231,2.40009E+11,Frederick Douglass High School,2400090,Baltimore City Public Schools,02/08/2019,2,8,2019,2018-2019,2019,12:00 pm,Friday,Baltimore,Maryland,public,0,1,1,targeted,25,m,brother of student,Smith and Wesson .40 caliber gun,,Baltimore City,24,24510
232,3.50001E+11,V. Sue Cleveland High School,3500010,Rio Rancho Public Schools,2/14/2019,2,14,2019,2018-2019,2019,7:15 am,Thursday,Rio Rancho,New Mexico,public,0,0,0,targeted and indiscriminate,16,m,student,.45 caliber handgun,,Sandoval County,35,35043
234,10243001035,Robert E. Lee High School,102430,Montgomery County,2/26/2019,2,26,2019,2018-2019,2019,11:00 am,Tuesday,Montgomery,Alabama,public,0,1,1,targeted,16,m,student,.40-caliber handgun,stolen from neighbor,Montgomery County,1,1101
233,2.01164E+11,Highlands Elementary School,2011640,Shawnee Mission Pub Sch,03/01/2019,3,1,2019,2018-2019,2019,1:30 pm,Friday,Mission,Kansas,public,0,0,0,indiscriminate,26,m,neighbor of school,handgun,,Johnson County,20,20091
235,10042000205,Blountsville Elementary School,100420,Blount County,3/22/2019,3,22,2019,2018-2019,2019,12:30 pm,Friday,Blountsville,Alabama,public,0,1,1,accidental,72,m,substitute teacher,Taurus .380 pistol,legally purchased by shooter,Blount County,1,1009
236,51182000899,Prescott High School,511820,Prescott School District,04/01/2019,4,1,2019,2018-2019,2019,9:14 am,Monday,Prescott,Arkansas,public,0,1,1,targeted,14,,student,handgun,,Nevada County,5,5099
282,63384005261,New Joseph Bonnheim Community Charter School,633840,Sacramento City Unified,04/03/2019,4,3,2019,2018-2019,2019,1:45 pm,Wednesday,Sacramento,California,public,0,0,0,unclear,,,,,,Sacramento County,6,6067
237,1.20048E+11,Saint Clair Evans Academy,1200480,Duval,04/03/2019,4,3,2019,2018-2019,2019,11:00 am,Wednesday,Jacksonville,Florida,public,0,0,0,unclear,,,,,,Duval County,12,12031
283,2.60112E+11,Flex High School,2601117,Flex High School Of Michigan,4/17/2019,4,17,2019,2018-2019,2019,10:00 am,Wednesday,Flint,Michigan,public,0,0,0,targeted,16,,student,,,Genesee County,26,26049
239,80345006493,STEM School Highlands Ranch,803450,Douglas County School District NO. Re 1,05/07/2019,5,7,2019,2018-2019,2019,1:52 pm,Tuesday,Highlands Ranch,Colorado,public,1,8,9,indiscriminate,16,m,student,"Glock 21 .45-caliber semi-automatic pistol, Beretta M9 9mm semi-automatic pistol, Taurus Revolver and a Ruger 10/22 .22-caliber semi-automatic rifle",parent,Douglas County,8,8035
245,1.10003E+11,Hendley Elementary School,1100030,District Of Columbia Public Schools,06/12/2019,6,12,2019,2018-2019,2019,4:20 pm,Wednesday,Washington,District of Columbia,public,0,0,0,unclear,,,,,,District of Columbia,11,11001
244,10243002084,Blount Elementary School,102430,Montgomery County,08/08/2019,8,8,2019,2019-2020,2019,7:26 am,Thursday,Montgomery,Alabama,public,0,0,0,targeted,38,m,father of student,pistol,,Montgomery County,1,1101
242,62271003087,Hollenbeck Middle School,622710,Los Angeles Unified,8/27/2019,8,27,2019,2019-2020,2019,11:00 am,Tuesday,Los Angeles,California,public,0,1,1,unclear,,,,,,Los Angeles County,6,6037
241,4.50072E+11,South Aiken High School,4500720,Aiken 01,09/10/2019,9,10,2019,2019-2020,2019,,Tuesday,Aiken,South Carolina,public,0,0,0,unclear,,,,,,Aiken County,45,45003
240,1.10003E+11,Aiton Elementary School,1100030,District Of Columbia Public Schools,9/25/2019,9,25,2019,2019-2020,2019,,Wednesday,Washington,District of Columbia,public,0,0,0,targeted,,,,,,District of Columbia,11,11001
246,63583006130,Ridgway High School,635830,Santa Rosa High,10/22/2019,10,22,2019,2019-2020,2019,9:00 am,Tuesday,Santa Rosa,California,public,0,1,1,targeted,17,,student,,,Sonoma County,6,6097
247,2.40009E+11,Achievement Academy,2400090,Baltimore City Public Schools,11/11/2019,11,11,2019,2019-2020,2019,2:00 pm,Monday,Baltimore,Maryland,public,0,1,1,targeted,,,,,,Baltimore City,24,24510
248,64251006961,Saugus High School,642510,William S. Hart Union High,11/14/2019,11,14,2019,2019-2020,2019,7:38 am,Thursday,Saugus,California,public,2,3,5,indiscriminate,16,m,student,.45 caliber 1911 pistol,ghost gun,Los Angeles County,6,6037
249,5.51578E+11,Waukesha South High School,5515780,Waukesha School District,12/02/2019,12,2,2019,2019-2020,2019,9:00 am,Monday,Waukesha,Wisconsin,public,0,1,1,targeted,,m,resource officer,handgun,department issued,Waukesha County,55,55133
250,5.51119E+11,Oshkosh West High School,5511190,Oshkosh Area School District,12/03/2019,12,3,2019,2019-2020,2019,9:00 am,Tuesday,Oshkosh,Wisconsin,public,0,1,1,targeted,,m,resource officer,handgun,department issued,Winnebago County,55,55139
251,10117000429,Decatur High School,101170,Decatur City,12/10/2019,12,10,2019,2019-2020,2019,8:20 am,Tuesday,Decatur,Alabama,public,0,0,0,targeted,22,m,,,,Morgan County,1,1103
254,4.82364E+11,Bellaire High School,4823640,Houston ISD,1/14/2020,1,14,2020,2019-2020,2020,4:00 pm,Tuesday,Bellaire,Texas,public,1,0,1,accidental,16,m,student,.32 caliber semi-automatic pistol,,Harris County,48,48201
255,62922009598,McAuliffe Elementary School,629220,Oxnard,1/23/2020,1,23,2020,2019-2020,2020,11:30 am,Thursday,Oxnard,California,public,0,1,1,indiscriminate,,,,,,Ventura County,6,6111
256,4.90087E+11,West High School,4900870,Salt Lake District,2/13/2020,2,13,2020,2019-2020,2020,3:00 pm,Thursday,Salt Lake City,Utah,public,0,0,0,targeted,,,student,,,Salt Lake County,49,49035
257,60285000207,Antioch High School,602850,Antioch Unified,2/19/2020,2,19,2020,2019-2020,2020,9:30 am,Wednesday,Antioch,California,public,0,0,0,targeted,15,m,,,,Contra Costa County,6,6013
258,3.50012E+11,Cesar Chavez Community School,3500117,Cesar Chavez Community School,2/21/2020,2,21,2020,2019-2020,2020,11:00 am,Friday,Albuquerque,New Mexico,public,0,0,0,unclear,,,,,,Bernalillo County,35,35001
260,1.20048E+11,Ribault High School,1200480,Duval,10/09/2020,10,9,2020,2020-2021,2020,2:00 pm,Friday,Jacksonville,Florida,public,0,1,1,accidental,18,,,.380-caliber handgun,,Duval County,12,12031
261,3.70042E+11,Lincoln Elementary School,3700420,Brunswick County Schools,11/13/2020,11,13,2020,2020-2021,2020,2:00 pm,Friday,Leland,North Carolina,public,0,1,1,accidental,,,,,,Brunswick County,37,37019
262,3.7021E+11,Hendersonville Middle School,3702100,Henderson County Schools,11/24/2020,11,24,2020,2020-2021,2020,7:45 am,Tuesday,Hendersonville,North Carolina,public,0,1,1,accidental,12,m,,,,Handerson County,37,37089
263,51393001212,Watson Chapel Junior High,513930,Watson Chapel School District,03/01/2021,3,1,2021,2020-2021,2021,9:55 am,Monday,Pine Bluff,Arkansas,public,1,0,1,targeted,15,m,,handgun,,Jefferson County,5,5069
267,3.63033E+11,Wayne Central Middle School,3630330,Wayne Central School District,03/01/2021,3,1,2021,2020-2021,2021,9:40 am,Monday,Ontario,New York,public,0,1,1,targeted,19,m,employee,Smith and Wesson M&P .45 caliber handgun,SRO,Wayne County,36,36117
264,4.50156E+11,Edwards Elementary School,4501560,Chesterfield 01,03/08/2021,3,8,2021,2020-2021,2021,1:30 pm,Monday,Chesterfield,South Carolina,public,0,1,1,targeted,54,,,,,Chesterfield County,45,45025
266,10297001160,Selma High School,102970,Selma City Schools,04/01/2021,4,1,2021,2020-2021,2021,1:00 pm,Thursday,Selma,Alabama,public,0,0,0,targeted,15,m,,handgun,,Dallas County,1,1047
265,4.70222E+11,Austin-East Magnet High,4702220,Knox County,04/12/2021,4,12,2021,2020-2021,2021,3:15 pm,Monday,Knoxville,Tennessee,public,0,1,1,accidental,17,m,,Glock 45 handgun,,Knox County,47,47093
270,2.73178E+11,Ply_mouth Middle School,2731780,Robbinsdale Area Schools,4/26/2021,4,26,2021,2020-2021,2021,8:44 am,Monday,Ply_mouth,Minnesota,public,0,0,0,indiscriminate,12,m,,handgun,father's bedroom,Hennepin County,27,27053
271,1.00162E+11,Smyrna Middle School,1001620,Smyrna School District,4/27/2021,4,27,2021,2020-2021,2021,10:25 am,Tuesday,Smyrna,Delaware,public,1,0,1,targeted,47,m,,handgun,,Kent County,10,10001
272,3.60107E+11,Urban Dove Team Charter School,3601065,Urban Dove Team Charter School,4/29/2021,4,29,2021,2020-2021,2021,2:45 pm,Thursday,Brooklyn,New York,public,1,0,1,targeted,15,m,,,,Kings County,36,36047
273,1.80567E+11,Mary Evelyn Castle Elementary School,1805670,Metropolitan School District of Lawrence Township,4/30/2021,4,30,2021,2020-2021,2021,1:00 pm,Friday,Indianapolis,Indiana,public,0,1,1,targeted,32,m,,,,Marion County,18,18097
274,4.50237E+11,Ware Shoals High School,4502370,Greenwood 51,05/05/2021,5,5,2021,2020-2021,2021,8:00 am,Wednesday,Ware Shoals,South Carolina,public,0,0,0,public suicide,15,m,,handgun,mom's gun; kept in her car,Greenwood County,45,45047
275,1.60157E+11,Rigby Middle School,1601570,Jefferson County Joint District,05/06/2021,5,6,2021,2020-2021,2021,9:00 am,Thursday,Rigby,Idaho,public,0,3,3,indiscriminate,,f,student,handgun,,Jefferson County,16,16051
276,4.82364E+11,North Forest High School,4823640,Houston Isd,06/09/2021,6,9,2021,2020-2021,2021,10:30 am,Wednesday,Houston,Texas,public,0,1,1,targeted,,,,,,Harris County,48,48201
286,1.30174E+11,Lithonia High School,1301740,Dekalb County,08/12/2021,8,12,2021,2021-2022,2021,3:00 pm,Thursday,Lithonia,Georgia,public,0,1,1,targeted,,,resource officer,handgun,,Dekalb County,13,13089
287,3.50006E+11,Washington Middle School,3500060,Albuquerque Public Schools,8/13/2021,8,13,2021,2021-2022,2021,12:45 pm,Friday,Albuquerque,New Mexico,public,1,0,1,targeted,13,m,,handgun,,Bernalillo County,35,35001
288,4.50391E+11,Orangeburg-Wilkinson High School,4503910,Orangeburg,8/18/2021,8,18,2021,2021-2022,2021,4:00 pm,Wednesday,Orangeburg,South Carolina,public,0,3,3,targeted,14,m,,,,Orangeburg County,45,45075
289,3.70333E+11,New Hanover High School,3703330,New Hanover County Schools,8/30/2021,8,30,2021,2021-2022,2021,11:00 am,Monday,Wilmington,North Carolina,public,0,1,1,targeted,15,m,,,,New Hanover County,37,37129
290,3.7015E+11,Mount Tabor High School,3701500,Winston Salem / Forsyth County Schools,09/01/2021,9,1,2021,2021-2022,2021,12:00 pm,Wednesday,Winston-Salem,North Carolina,public,1,0,1,targeted,15,m,,,,Forsyth County,37,37067
291,4.70369E+11,LaVergne High School,4703690,Rutherford County,09/07/2021,9,7,2021,2021-2022,2021,3:30 pm,Tuesday,Lavergne,Tennessee,public,0,0,0,targeted,15,m,,,,Rutherford County,47,47149
292,2.61428E+11,Tri-County Education Center,2614280,Ferndale Public Schools,09/08/2021,9,8,2021,2021-2022,2021,2:30 pm,Wednesday,Ferndale,Michigan,public,0,0,0,targeted,,m,,,,Oakland County,26,26125
293,5.10264E+11,Heritage High School,5102640,Newport News City Pblc Schs,9/20/2021,9,20,2021,2021-2022,2021,11:39 am,Monday,Newport News,Virginia,public,0,2,2,targeted,15,m,,,,Newport News City,51,51700
294,2.80315E+11,Newton County Elementary School,2803150,Newton County School District,9/30/2021,9,30,2021,2021-2022,2021,1:45 pm,Thursday,Decatur,Mississippi,public,0,1,1,accidental,,m,student,handgun,boyfriend of child's mother,Newton County,28,28101
295,4.70015E+11,Cummings K-8 Optional School,4700148,Shelby County,9/30/2021,9,30,2021,2021-2022,2021,10:00 am,Thursday,Memphis,Tennessee,public,0,1,1,targeted,13,m,,,,Shelby County,47,47157
296,4.80021E+11,YES Prep Southwest Secondary,4800209,Yes Prep Public Schools Inc,10/01/2021,10,1,2021,2021-2022,2021,11:45 am,Friday,Houston,Texas,public,0,1,1,targeted,25,m,former student,,,Harris County,48,48201
297,4.82892E+11,Timberview High School,4828920,Mansfield Isd,10/06/2021,10,6,2021,2021-2022,2021,9:15 am,Wednesday,Arlington,Texas,public,0,4,4,targeted,18,m,student,handgun,,Tarrant County,48,48439
299,50900000607,Little Rock Central High School,509000,Little Rock School District,10/12/2021,10,12,2021,2021-2022,2021,11:27 am,Tuesday,Little Rock,Arkansas,public,0,0,0,unclear,,,,,,Pulaski County,5,5119
298,1.70993E+11,Wendell Phillips Academy High School,1709930,City Of Chicago Sd 299,10/12/2021,10,12,2021,2021-2022,2021,3:15 pm,Tuesday,Chicago,Illinois,public,0,2,2,indiscriminate,,,,,,Cook County,17,17031
300,1.70993E+11,James McDade Classical School,1709930,City Of Chicago Sd 299,10/13/2021,10,13,2021,2021-2022,2021,8:38 am,Wednesday,Chicago,Illinois,public,0,0,0,targeted,,,,,,Cook County,17,17031
306,3.62376E+11,Poughkeepsie High School,3623760,Poughkeepsie City School District,11/15/2021,11,15,2021,2021-2022,2021,3:15 pm,Monday,Poughkeepsie,New York,public,0,0,0,targeted,13,m,student,.38-caliber handgun,,Dutchess County,36,36027
307,3.60009E+11,P.S. 44,3600090,New York City Geographic District #12,11/16/2021,11,16,2021,2021-2022,2021,2:15 pm,Tuesday,Bronx,New York,public,0,0,0,unclear,45,m,,handgun,,Bronx County,36,36005
302,80234000064,Hinkley High School,802340,Aurora Joint District NO. 28 Of The Counties Of Adams And Arapahoe,11/19/2021,11,19,2021,2021-2022,2021,12:00 pm,Friday,Aurora,Colorado,public,0,3,3,targeted,16,,student,,,Arapahoe County,8,8005
308,1.73897E+11,Thornton Township High School,1738970,Thornton Twp Hsd 205,11/24/2021,11,24,2021,2021-2022,2021,3:00 pm,Wednesday,Harvey,Illinois,public,0,0,0,targeted,,,,,,Cook County,17,17031
303,40633001882,Cesar Chavez High School,406330,Phoenix Union High School District (4286),11/29/2021,11,29,2021,2021-2022,2021,3:00 pm,Monday,Laveen,Arizona,public,0,1,1,targeted,15,m,student,,,Maricopa County,4,4013
304,2.62724E+11,Oxford High School,2627240,Oxford Community Schools,11/30/2021,11,30,2021,2021-2022,2021,12:50 pm,Tuesday,Oxford,Michigan,public,4,7,11,indiscriminate,15,m,student,9mm handgun,parent,Oakland County,26,26125
309,4.83432E+11,Sam Rayburn High School,4834320,Pasadena Isd,12/01/2021,12,1,2021,2021-2022,2021,11:00 pm,Wednesday,Pasadena,Texas,public,0,0,0,targeted,21,m,,,,Harris County,48,48201
310,3.60109E+11,Great Oaks Charter School,3601085,Great Oaks Charter School,12/09/2021,12,9,2021,2021-2022,2021,9:30 am,Thursday,New York,New York,public,0,0,0,unclear,,,,,,New York County,36,36061
311,3.70405E+11,Jesse C. Carson High School,3704050,Rowan-salisbury Schools,12/09/2021,12,9,2021,2021-2022,2021,2:00 pm,Thursday,China Grove,North Carolina,public,0,0,0,accidental,,,,,,Rowan County,37,37159
312,3.70297E+11,West Charlotte High School,3702970,Charlotte-mecklenburg Schools,12/13/2021,12,13,2021,2021-2022,2021,2:15 pm,Monday,Charlotte,North Carolina,public,0,0,0,targeted,,,student,,,Mecklenburg County,37,37119
313,4.50336E+11,Eau Claire High School,4503360,Richland 01,12/16/2021,12,16,2021,2021-2022,2021,3:00 pm,Thursday,Columbia,South Carolina,public,0,0,0,targeted,15,m,student,,,Richland County,45,45079
314,1.73451E+11,Auburn High School,1734510,Rockford Sd 205,01/04/2022,1,4,2022,2021-2022,2022,1:10 pm,Tuesday,Rockford,Illinois,public,0,2,2,targeted,16,m,,9mm handgun,,Winnebago County,17,17201
315,1.20171E+11,Seminole High School,1201710,Seminole,1/19/2022,1,19,2022,2021-2022,2022,12:00 pm,Wednesday,Sanford,Florida,public,0,1,1,targeted,16,m,student,9mm handgun,,Seminole County,12,12117
317,4.21917E+11,Oliver Citywide Academy,4219170,Pittsburgh Sd,1/19/2022,1,19,2022,2021-2022,2022,1:45 pm,Wednesday,Pittsburgh,Pennsylvania,public,1,0,1,targeted,,,,,,Allegheny County,42,42003
316,2.40048E+11,Magruder High School,2400480,Montgomery County Public Schools,1/21/2022,1,21,2022,2021-2022,2022,1:00 pm,Friday,Rockville,Maryland,public,0,1,1,targeted,17,m,student,,,Montgomery County,24,24031
323,2.70003E+11,South Education Center,2700025,Intermediate School District 287,02/01/2022,2,1,2022,2021-2022,2022,12:07 pm,Tuesday,Richfield,Minnesota,public,1,1,2,targeted,19,m,student,,,Hennepin County,27,27053
335,3.6201E+11,Mount Vernon High School,3620100,Mount Vernon City School District,02/08/2022,2,8,2022,2021-2022,2022,2:00 pm,Tuesday,Mount Vernon,New York,public,0,0,0,unclear,,,,,,Westchester County,36,36119
324,80615001357,Liberty Point International School,806150,Pueblo County School District 70,2/22/2022,2,22,2022,2021-2022,2022,3:30 pm,Tuesday,Pueblo West,Colorado,public,1,0,1,targeted,,,police officer,service weapon,,Pueblo County,8,8101
336,1.30123E+11,Jonesboro High School,1301230,Clayton County School District,2/28/2022,2,28,2022,2021-2022,2022,,Monday,Clayton County,Georgia,public,0,0,0,unclear,,,student,Loaded handgun,,Clayton County,13,13063
318,2.01014E+11,Olathe East High School,2010140,Olathe School District,03/04/2022,3,4,2022,2021-2022,2022,10:30 am,Friday,Olathe,Kansas,public,0,2,2,targeted,18,m,student,,,Johnson County,20,20091
